{
  "metadata": {
    "format": "FVS_Summary",
    "stand_id": "JSONTEST",
    "record_count": 4
  },
  "yield_table": [
    {
      "StandID": "JSONTEST",
      "Year": 2025,
      "Age": 0,
      "TPA": 500,
      "BA": 0.7087021725353452,
      "SDI": 4.210367616050558,
      "CCF": 0.05648005172772251,
      "TopHt": 1.0,
      "QMD": 0.5097804604684025,
      "TCuFt": 93.61484514734421,
      "MCuFt": 0.0,
      "BdFt": 0.0,
      "RTpa": 0,
      "RTCuFt": 0.0,
      "RMCuFt": 0.0,
      "RBdFt": 0.0,
      "AThinBA": 0.7087021725353452,
      "AThinSDI": 4.210367616050558,
      "AThinCCF": 0.05648005172772251,
      "AThinTopHt": 1.0,
      "AThinQMD": 0.5097804604684025,
      "PrdLen": 0,
      "Acc": 0.0,
      "Mort": 0.0,
      "MAI": 0.0,
      "ForTyp": 1,
      "SizeCls": 1,
      "StkCls": 0
    },
    {
      "StandID": "JSONTEST",
      "Year": 2030,
      "Age": 5,
      "TPA": 482,
      "BA": 21.783411826989493,
      "SDI": 65.31667922803082,
      "CCF": 1.7360299918274746,
      "TopHt": 22.63592665924263,
      "QMD": 2.878562989904947,
      "TCuFt": 315.22269871995013,
      "MCuFt": 0.0,
      "BdFt": 0.0,
      "RTpa": 0,
      "RTCuFt": 0.0,
      "RMCuFt": 0.0,
      "RBdFt": 0.0,
      "AThinBA": 21.783411826989493,
      "AThinSDI": 65.31667922803082,
      "AThinCCF": 1.7360299918274746,
      "AThinTopHt": 22.63592665924263,
      "AThinQMD": 2.878562989904947,
      "PrdLen": 5,
      "Acc": 44.860792222569884,
      "Mort": 0.5392215080487027,
      "MAI": 63.04453974399003,
      "ForTyp": 1,
      "SizeCls": 1,
      "StkCls": 1
    },
    {
      "StandID": "JSONTEST",
      "Year": 2035,
      "Age": 10,
      "TPA": 476,
      "BA": 53.04604196906941,
      "SDI": 133.087621446139,
      "CCF": 2.9227802162603562,
      "TopHt": 36.09504434833767,
      "QMD": 4.520217385046595,
      "TCuFt": 964.8025874525623,
      "MCuFt": 0.0,
      "BdFt": 0.0,
      "RTpa": 0,
      "RTCuFt": 0.0,
      "RMCuFt": 0.0,
      "RBdFt": 0.0,
      "AThinBA": 53.04604196906941,
      "AThinSDI": 133.087621446139,
      "AThinCCF": 2.9227802162603562,
      "AThinTopHt": 36.09504434833767,
      "AThinQMD": 4.520217385046595,
      "PrdLen": 5,
      "Acc": 130.54380718795636,
      "Mort": 0.6278294414339256,
      "MAI": 96.48025874525624,
      "ForTyp": 1,
      "SizeCls": 1,
      "StkCls": 1
    },
    {
      "StandID": "JSONTEST",
      "Year": 2040,
      "Age": 15,
      "TPA": 466,
      "BA": 94.9122589546535,
      "SDI": 211.38961236612184,
      "CCF": 4.197092159444754,
      "TopHt": 48.32145355599984,
      "QMD": 6.110890503388849,
      "TCuFt": 2186.1972809748318,
      "MCuFt": 614.2053853959706,
      "BdFt": 0.0,
      "RTpa": 0,
      "RTCuFt": 0.0,
      "RMCuFt": 0.0,
      "RBdFt": 0.0,
      "AThinBA": 94.9122589546535,
      "AThinSDI": 211.38961236612184,
      "AThinCCF": 4.197092159444754,
      "AThinTopHt": 48.32145355599984,
      "AThinQMD": 6.110890503388849,
      "PrdLen": 5,
      "Acc": 247.52197261185742,
      "Mort": 3.2430339074035706,
      "MAI": 145.7464853983221,
      "ForTyp": 1,
      "SizeCls": 2,
      "StkCls": 2
    }
  ]
}