StandID,Year,Age,TPA,BA,SDI,CCF,TopHt,QMD,TCuFt,MCuFt,BdFt,RTpa,RTCuFt,RMCuFt,RBdFt,AThinBA,AThinSDI,AThinCCF,AThinTopHt,AThinQMD,PrdLen,Acc,Mort,MAI,ForTyp,SizeCls,StkCls
STAND001,5,5,10,3.490658503988659,6.989714372690101,0.13124404811999998,50.0,8.0,81.8658,34.9719216,0.0,0,0.0,0.0,0.0,3.490658503988659,6.989714372690101,0.13124404811999998,50.0,8.0,5,0.0,0.0,16.37316,,,
STAND001,10,10,10,3.490658503988659,6.989714372690101,0.13124404811999998,50.0,8.0,81.8658,34.9719216,0.0,0,0.0,0.0,0.0,3.490658503988659,6.989714372690101,0.13124404811999998,50.0,8.0,5,0.0,0.0,8.18658,,,
STAND001,15,15,10,3.490658503988659,6.989714372690101,0.13124404811999998,50.0,8.0,81.8658,34.9719216,0.0,0,0.0,0.0,0.0,3.490658503988659,6.989714372690101,0.13124404811999998,50.0,8.0,5,0.0,0.0,5.457719999999999,,,
STAND001,20,20,10,3.490658503988659,6.989714372690101,0.13124404811999998,50.0,8.0,81.8658,34.9719216,0.0,0,0.0,0.0,0.0,3.490658503988659,6.989714372690101,0.13124404811999998,50.0,8.0,5,0.0,0.0,4.09329,,,
